<?xml version="1.0" encoding="UTF-8"?>
<TrackingData>
    <Sensors>
        <Sensor subtype="FAST" type="FeatureBasedSensorSource">
            <SensorID>FeatureBasedSensorSource_0</SensorID>
            <Parameters>
                <FeatureBasedParameters>
                    <MaxNumCosesForInit>1</MaxNumCosesForInit>
                    <MultipleReferenceImagesFast>3</MultipleReferenceImagesFast>
                </FeatureBasedParameters>
            </Parameters>
            <SensorCOS>
                <SensorCosID>1__d9160576db07d8c8f7d163e8231b9949</SensorCosID>
                <Parameters>
                    <referenceImage widthMM="2448" heightMM="3264">kunst.jpg</referenceImage>
                </Parameters>
            </SensorCOS>
            <SensorCOS>
                <SensorCosID>2__ec70081e78559bfba368edb4a00dc008</SensorCosID>
                <Parameters>
                    <referenceImage widthMM="200" heightMM="200">awesome-face.png</referenceImage>
                </Parameters>
            </SensorCOS>
            <SensorCOS>
                <SensorCosID>elephant</SensorCosID>
                <Parameters>
                    <referenceImage widthMM="1125" heightMM="711">elephant.jpg</referenceImage>
                </Parameters>
            </SensorCOS>
            <SensorCOS>
                <SensorCosID>android</SensorCosID>
                <Parameters>
                    <referenceImage widthMM="512" heightMM="512">android.png</referenceImage>
                </Parameters>
            </SensorCOS>
            <SensorCOS>
                <SensorCosID>burton</SensorCosID>
                <Parameters>
                    <referenceImage widthMM="439" heightMM="526">burton.png</referenceImage>
                </Parameters>
            </SensorCOS>
        </Sensor>
    </Sensors>
    <Connections>
        <COS>
            <Name>COS_1</Name>
            <Fuser type="SmoothingFuser">
                <Parameters>
                    <AlphaRotation>0.5</AlphaRotation>
                    <AlphaTranslation>0.8</AlphaTranslation>
                    <GammaRotation>0.5</GammaRotation>
                    <GammaTranslation>0.8</GammaTranslation>
                    <KeepPoseForNumberOfFrames>0</KeepPoseForNumberOfFrames>
                </Parameters>
            </Fuser>
            <SensorSource trigger="1">
                <SensorID>FeatureBasedSensorSource_0</SensorID>
                <SensorCosID>1__d9160576db07d8c8f7d163e8231b9949</SensorCosID>
                <HandEyeCalibration>
                    <TranslationOffset>
                        <x>0</x>
                        <y>0</y>
                        <z>0</z>
                    </TranslationOffset>
                    <RotationOffset>
                        <x>0</x>
                        <y>0</y>
                        <z>0</z>
                        <w>1</w>
                    </RotationOffset>
                </HandEyeCalibration>
                <COSOffset>
                    <TranslationOffset>
                        <x>0</x>
                        <y>0</y>
                        <z>0</z>
                    </TranslationOffset>
                    <RotationOffset>
                        <x>0</x>
                        <y>0</y>
                        <z>0</z>
                        <w>1</w>
                    </RotationOffset>
                </COSOffset>
            </SensorSource>
        </COS>
        <COS>
            <Name>COS_2</Name>
            <Fuser type="SmoothingFuser">
                <Parameters>
                    <AlphaRotation>0.5</AlphaRotation>
                    <AlphaTranslation>0.8</AlphaTranslation>
                    <GammaRotation>0.5</GammaRotation>
                    <GammaTranslation>0.8</GammaTranslation>
                    <KeepPoseForNumberOfFrames>0</KeepPoseForNumberOfFrames>
                </Parameters>
            </Fuser>
            <SensorSource trigger="1">
                <SensorID>FeatureBasedSensorSource_0</SensorID>
                <SensorCosID>2__ec70081e78559bfba368edb4a00dc008</SensorCosID>
                <HandEyeCalibration>
                    <TranslationOffset>
                        <x>0</x>
                        <y>0</y>
                        <z>0</z>
                    </TranslationOffset>
                    <RotationOffset>
                        <x>0</x>
                        <y>0</y>
                        <z>0</z>
                        <w>1</w>
                    </RotationOffset>
                </HandEyeCalibration>
                <COSOffset>
                    <TranslationOffset>
                        <x>68.75</x>
                        <y>0</y>
                        <z>0</z>
                    </TranslationOffset>
                    <RotationOffset>
                        <x>0</x>
                        <y>0</y>
                        <z>0</z>
                        <w>1</w>
                    </RotationOffset>
                </COSOffset>
            </SensorSource>
        </COS>
        <COS>
            <Name>COS_3</Name>
            <Fuser type="SmoothingFuser">
                <Parameters>
                    <AlphaRotation>0.5</AlphaRotation>
                    <AlphaTranslation>0.8</AlphaTranslation>
                    <GammaRotation>0.5</GammaRotation>
                    <GammaTranslation>0.8</GammaTranslation>
                    <KeepPoseForNumberOfFrames>0</KeepPoseForNumberOfFrames>
                </Parameters>
            </Fuser>
            <SensorSource trigger="1">
                <SensorID>FeatureBasedSensorSource_0</SensorID>
                <SensorCosID>elephant</SensorCosID>
                <HandEyeCalibration>
                    <TranslationOffset>
                        <x>0</x>
                        <y>0</y>
                        <z>0</z>
                    </TranslationOffset>
                    <RotationOffset>
                        <x>0</x>
                        <y>0</y>
                        <z>0</z>
                        <w>1</w>
                    </RotationOffset>
                </HandEyeCalibration>
                <COSOffset>
                    <TranslationOffset>
                        <x>0</x>
                        <y>0</y>
                        <z>0</z>
                    </TranslationOffset>
                    <RotationOffset>
                        <x>0</x>
                        <y>0</y>
                        <z>0</z>
                        <w>1</w>
                    </RotationOffset>
                </COSOffset>
            </SensorSource>
        </COS>
        <COS>
            <Name>COS_4</Name>
            <Fuser type="SmoothingFuser">
                <Parameters>
                    <AlphaRotation>0.5</AlphaRotation>
                    <AlphaTranslation>0.8</AlphaTranslation>
                    <GammaRotation>0.5</GammaRotation>
                    <GammaTranslation>0.8</GammaTranslation>
                    <KeepPoseForNumberOfFrames>0</KeepPoseForNumberOfFrames>
                </Parameters>
            </Fuser>
            <SensorSource trigger="1">
                <SensorID>FeatureBasedSensorSource_0</SensorID>
                <SensorCosID>android</SensorCosID>
                <HandEyeCalibration>
                    <TranslationOffset>
                        <x>0</x>
                        <y>0</y>
                        <z>0</z>
                    </TranslationOffset>
                    <RotationOffset>
                        <x>0</x>
                        <y>0</y>
                        <z>0</z>
                        <w>1</w>
                    </RotationOffset>
                </HandEyeCalibration>
                <COSOffset>
                    <TranslationOffset>
                        <x>68.75</x>
                        <y>0</y>
                        <z>0</z>
                    </TranslationOffset>
                    <RotationOffset>
                        <x>0</x>
                        <y>0</y>
                        <z>0</z>
                        <w>1</w>
                    </RotationOffset>
                </COSOffset>
            </SensorSource>
        </COS>
        <COS>
            <Name>COS_5</Name>
            <Fuser type="SmoothingFuser">
                <Parameters>
                    <AlphaRotation>0.5</AlphaRotation>
                    <AlphaTranslation>0.8</AlphaTranslation>
                    <GammaRotation>0.5</GammaRotation>
                    <GammaTranslation>0.8</GammaTranslation>
                    <KeepPoseForNumberOfFrames>0</KeepPoseForNumberOfFrames>
                </Parameters>
            </Fuser>
            <SensorSource trigger="1">
                <SensorID>FeatureBasedSensorSource_0</SensorID>
                <SensorCosID>burton</SensorCosID>
                <HandEyeCalibration>
                    <TranslationOffset>
                        <x>0</x>
                        <y>0</y>
                        <z>0</z>
                    </TranslationOffset>
                    <RotationOffset>
                        <x>0</x>
                        <y>0</y>
                        <z>0</z>
                        <w>1</w>
                    </RotationOffset>
                </HandEyeCalibration>
                <COSOffset>
                    <TranslationOffset>
                        <x>68.75</x>
                        <y>0</y>
                        <z>0</z>
                    </TranslationOffset>
                    <RotationOffset>
                        <x>0</x>
                        <y>0</y>
                        <z>0</z>
                        <w>1</w>
                    </RotationOffset>
                </COSOffset>
            </SensorSource>
        </COS>
    </Connections>
</TrackingData>